Search Query,Video ID,Title,Comment ID,Comment
#AIArt,tuPkeP35Ahc,"leonardo ai beauty miss ai beauty pageant artificial intelligence beautylookbook, ai art model,",Ugy3sicB3GRA_3MCww54AaABAg,hi
#AIArt,1FkZiSTLhfs,4K STUNNING INDIAN MODEL LOOKBOOK AI ART SHOWCASE CONVERSATIONAL AI amp VERTEX AI,UgzaxnXJuevF0WEslMl4AaABAg,This creation is truly amazing! Your talent and creativity shine through. Keep creating and inspiring us!
#AIArt,anAiRrra1lk,Don39t fall for this AI Art Book SCAM!!!,Ugz4wSp1wX4CjiHbxqZ4AaABAg,"I always hated AI!, especially in my nightmares when I was in a Minecraft world where there are no faces"
#AIArt,anAiRrra1lk,Don39t fall for this AI Art Book SCAM!!!,UgxlQuhqKNzelDqP4_h4AaABAg,ai art is 100000 times better no one wants boring drawings them days are over
#AIArt,anAiRrra1lk,Don39t fall for this AI Art Book SCAM!!!,UgxOlgZldCI1_5yKtlF4AaABAg,you wouldn39t download a physical book
#AIArt,anAiRrra1lk,Don39t fall for this AI Art Book SCAM!!!,UgzfISXiLwalywPZw_R4AaABAg,and now you defend and use AI....
#AIArt,anAiRrra1lk,Don39t fall for this AI Art Book SCAM!!!,UgzMT_0SATnPSvNT5sF4AaABAg,This guy looks familiar
#AIArt,FlxQvEbHCo4,A.I Art has RUINED My Life!,UgyGOZiDRkjsF94OFcZ4AaABAg,"I like A.I, but your hand painted picture is much better. I think A.I can help artists as a tool"
#AIArt,FlxQvEbHCo4,A.I Art has RUINED My Life!,UgwoEvr6A4kFwAAWl1J4AaABAg,"Your motifs, perception and technic is just generic bro"
#AIArt,FlxQvEbHCo4,A.I Art has RUINED My Life!,UgzyTtL2vsMPRO_bWlV4AaABAg,"AI is undeniably fascinating in the digital realm, but there39s something unmatched about a humble artist painting. When you can see and feel their work, it creates an experience that technology simply can39t replicate. Please do not stop what you do"
#AIArt,FlxQvEbHCo4,A.I Art has RUINED My Life!,UgyDQGeNR4kLTJ_geet4AaABAg,A.I Art is just stolen artwork of others and made into an amalgamation.
#AIArt,FlxQvEbHCo4,A.I Art has RUINED My Life!,UgwQZKUNef2eibsqAQ14AaABAg,"AI is growing at a scarily rapid rate. AI in 10 years will be indistinguishable from AI today. It39s literally only going to get better and better. It39s a new technology. Look what early video games looked like and how much better they look now. With AI getting better even faster than that with a hypothetically limitless ceiling to grow, challenges like this will eventually end up like trying to challenge a calculator in mathematics."
#AIArt,pBy5bikA-l0,Gorilla love AI video ai aiart gorillatag gorilla love wedding pregnancy fannyvideo fantasy,UgxGohMak0Zl5_3fmiZ4AaABAg,"Imagine what you can do with AI...Loved it, How did you create it? Which tool did you use?"
#AIArt,pBy5bikA-l0,Gorilla love AI video ai aiart gorillatag gorilla love wedding pregnancy fannyvideo fantasy,UgwOUKRUMSLYnnG2add4AaABAg,Schön!
#AIArt,ZJQzp7KmtNQ,AI ART LOOKBOOK,UgzEvrDIM9Lklun4FK14AaABAg,keremet. ädemi. sulw. kz.
#AIArt,7O5fzSO23Hk,This AI Artist is Getting Destroyed by the Internet! artist animation noai humanartist,Ugxdqo9154oJKx0sVnF4AaABAg,OWL HOUSE EEEEEE
#AIArt,7O5fzSO23Hk,This AI Artist is Getting Destroyed by the Internet! artist animation noai humanartist,UgxJWgMIigyVDv9ThCJ4AaABAg,"To be honest, AI quotartistsquot aren39t even artists, they39re generic prompt writers.To all AI quotartistsquot STOP CALLING YOURSELVES ARTISTS."
#AIArt,7O5fzSO23Hk,This AI Artist is Getting Destroyed by the Internet! artist animation noai humanartist,UgzPj_JXaEZPefb4W094AaABAg,210 NIGHTMARE! NIGHTMARE! NIGHTMARE!
#AIArt,7O5fzSO23Hk,This AI Artist is Getting Destroyed by the Internet! artist animation noai humanartist,Ugzoq6gwYDRvBa6zSKx4AaABAg,I39m fine with Ai stuff but selling it is too far like they don39t make the actual pic.
#AIArt,7O5fzSO23Hk,This AI Artist is Getting Destroyed by the Internet! artist animation noai humanartist,UgxBVGNTylXwgNyBr2B4AaABAg,I am going to not be rude...
#AIArt,RMvsjO5wgv8,Artist vs Ai art digitalart painting,UgzOk6JFuNcQthyabUN4AaABAg,Urs
#AIArt,RMvsjO5wgv8,Artist vs Ai art digitalart painting,Ugw_AM4ofheknXKU00B4AaABAg,She looks so realistic but also so alive
#AIArt,RMvsjO5wgv8,Artist vs Ai art digitalart painting,UgwRoL240limJ300JAp4AaABAg,The pink hair ALSO shows her lesbianess
#AIArt,RMvsjO5wgv8,Artist vs Ai art digitalart painting,UgzyN-E848ZF2shoA1R4AaABAg,The ai version looks creepy asf tbh
#AIArt,RMvsjO5wgv8,Artist vs Ai art digitalart painting,UgzkCbGTfQ5U9PaOfY94AaABAg,yours ofc
#AIArt,ESZO-XJZr0s,"No, Ai quotArtquot is not Art.",UgxxaWC8g7LCFq5S9Gh4AaABAg,AI attempts to replace human consciousness with algorithms
#AIArt,ESZO-XJZr0s,"No, Ai quotArtquot is not Art.",UgzqucIAdzw2F5QUFOp4AaABAg,"Ok, Hipster."
#AIArt,ESZO-XJZr0s,"No, Ai quotArtquot is not Art.",UgzSzct3s2NtOBSLP8R4AaABAg,Yes its real art you39re just mad that art is democratized now. Its like saying taking a photograph of something isnt art. You are a candle maker in ghe dawn of the age of the light bulb.
#AIArt,ESZO-XJZr0s,"No, Ai quotArtquot is not Art.",UgztjnKpJGfhVIUAanF4AaABAg,"Most art is soul less anyway, as most people are"
#AIArt,ESZO-XJZr0s,"No, Ai quotArtquot is not Art.",UgzbuT7_7o7Slgnc02B4AaABAg,FORCED to make a particular kind of movie? Heres an idea ... Use your creativity to DO SOMETHING ELSE. As if someone is bolding a light saber to George Lucas39 head.
#AIVideo,0c2FVrcV5iI,AI GETTING OUT OF HAND image to Ai Video - P47,UgxALbiaKUWUUG9vgZl4AaABAg,THIS VIDEO IS SUCKS BECAUSE AI HAS NO SENSE OF HUMOUR THAT I AM LITERALLY YAPPING ABOUT THIS AI VIDEO BEING LAZY THAT KINDA SUPPORTS THIS GUY AS HAVING face-turquoise-covering-eyesTEMPERANCE AND SELF-CONTROL BUT LITERALLY GET SOME JOB BRUH AND BIG LIFE TO ANOTHER WORLD. IT MAY CAUSE THE PART IN WHICH TOBY EATS THE BURGER AND IT IS HOWEVER AI CAN39T SEEM SO NON STUPIDITY ANSWER CHANNEL PAD GOES HOMIES!? THIS VIDEO IS SUCKS BECAUSE AI HAS NO SENSE OF HUMOUR I AM LITERALLY YAPPING ABOUT THIS AI VIDEO BEING LAZY THAT KINDA SUPPORTS THIS GUY AS HAVING face-turquoise-covering-eyesTEMPERANCE ATHIS VIDEO IS SUCKS BECAUSE AI HAS NO SENSE OF HUMOUR THAT I AM LITERALLY YAPPING ABOUT THIS AI VIDEO BEING LAZY THAT KINDA SUPPORTS THIS GUY AS HAVING face-turquoise-covering-eyesTEMPERANCE ATHIS VIDEO IS SUCKS BECAUSE AI HAS NO SENSE OF HUMOUR THAT I AM LITERALLY YAPPING ABOUT THIS AI VIDEO BEING LAZY THAT KINDA SUPPORTS THIS GUY AS HAVING face-turquoise-covering-eyesTEMPERANCE AND SELF-CONTROL BUT LITERALLY GET SOME JOB BRUH AND BIG LIFE TO ANOTHER WORLD. IT MAY CAUSE THE PART IN WHICH TOBY EATS THE BURGER AND IT IS HOWEVER AI CAN39T SEEM SO NON STUPIDITY ANSWER CHANNEL PAD GOES HOMIES!? THIS VIDEO IS SUCKS BECAUSE AI HAS NO SENSE OF HUMOUR I AM LITERALLY YAPPING ABOUT THIS AI VIDEO BEING LAZY THAT KINDA SUPPORTS THIS GUY AS HAVING face-turquoise-covering-eyesTEMPERANCE ATHIS VIDEO IS SUCKS BECAUSE AI HAS NO SENSE OF HUMOUR THAT I AM LITERALLY YAPPING ABOUT THIS AI VIDEO BEING LAZY THAT KINDA SUPPORTS THIS GUY AS HAVING face-turquoise-covering-eyes.
#AIVideo,0c2FVrcV5iI,AI GETTING OUT OF HAND image to Ai Video - P47,UgySXjr1mjxTc0NpOy94AaABAg,My family would think each of these are real
#AIVideo,0c2FVrcV5iI,AI GETTING OUT OF HAND image to Ai Video - P47,UgyULon_cq1hcP5Ursp4AaABAg,0040 bro Hitler
#AIVideo,0c2FVrcV5iI,AI GETTING OUT OF HAND image to Ai Video - P47,UgzFNoGtHBBLlwbr4Zx4AaABAg,...what did Michael do?? XD
#AIVideo,0c2FVrcV5iI,AI GETTING OUT OF HAND image to Ai Video - P47,Ugy76wYOQ0ElniSQw0p4AaABAg,somehow these ai clips remind me of dreams.
#AIVideo,Q62M4XJIeJg,Cách Làm Video HOẠT HÌNH bằng AI MIỄN PHÍ Hướng Dẫn Làm Video AI Mới Nhất 2025 - HVMO,UgwrivXlRgRITMz-csV4AaABAg,ĐÀO TẠO AI và Marketing Chất Lượng Cao cho Doanh NghiệpCá Nhân GọiZalo 0878.779.111 Khóa Học AI Conversion Truyền Nghề YouTube Sáng Tạo AI Ảnh Khóa Học FB Ads Khóa Học Làm Video bằng AI Khóa Học Kiếm Tiền bằng AI Khóa Học Xây Kênh bằng AI Dịch vụ AI và Marketing cho Doanh NghiệpCá Nhân GọiZalo 0878.779.111 Dịch vụ làm video bằng AI Dịch vụ xây kênh bằng AI Dịch vụ phát triển YouTubeTikTok Dịch vụ QC FB Thiết kế webladi page Dịch vụ viết web chuẩn SEO HỖ TRỢ CÁC TÀI KHOẢN GIÁ RẺ GọiZalo 0878.779.111 hoặc Group AI - Tài khoản CapCut Pro Giá Rẻ 350K2 năm Giảm 92 - Tài khoản Canva Pro THẬT 120Knăm Giảm 94 - AI Ảnh MidJourney 170Ktháng Giảm 80 - AI Video HeygenD-ID 400K Giảm 60 - AI Video InvideoPictory 250K Giảm 70 - AI Voice 150Ktháng 36 - Tài khoản Landing Page 1 Triệu Giảm 85 - ChatGPT Plus GPT4 120k Giảm 80 - Keywordtool 1000Knăm - VidIQ Boost cho YouTube 1200Knăm Giảm 92
#AIVideo,Q62M4XJIeJg,Cách Làm Video HOẠT HÌNH bằng AI MIỄN PHÍ Hướng Dẫn Làm Video AI Mới Nhất 2025 - HVMO,UgxK9O1I1qabMxBP-kB4AaABAg,f.b.6.8 nạp rút nhanh lắm
#AIVideo,Q62M4XJIeJg,Cách Làm Video HOẠT HÌNH bằng AI MIỄN PHÍ Hướng Dẫn Làm Video AI Mới Nhất 2025 - HVMO,UgyWSXPovRAUFMTPAZJ4AaABAg,Tài lộc cực lớn đang đợi bạn tại 68.G.A.M.E-B.A.I hôm nay.
#AIVideo,Q62M4XJIeJg,Cách Làm Video HOẠT HÌNH bằng AI MIỄN PHÍ Hướng Dẫn Làm Video AI Mới Nhất 2025 - HVMO,Ugwkw91sAQq6m8zCk4p4AaABAg,"Hay quá. Muốn giàu thì chơi f.b 6.8 ae ạ, đảm bảo uy tín"
#AIVideo,Q62M4XJIeJg,Cách Làm Video HOẠT HÌNH bằng AI MIỄN PHÍ Hướng Dẫn Làm Video AI Mới Nhất 2025 - HVMO,Ugw7oyQYiCNOA2VHJ0p4AaABAg,Hay nha.Giải trí qua f.b 6.8 nha ae
#AIVideo,BFYZl_UIjY4,A woman performance AGT 31 americagottalent magic shorts ai,UgzLuX28MPTJQICaR-B4AaABAg,Bruh be thing ai only can do anime but actually bird can be human bruh
#AIVideo,BFYZl_UIjY4,A woman performance AGT 31 americagottalent magic shorts ai,UgxxKZTwEeM6CniX-WB4AaABAg,Gyönyörű puszika
#AIVideo,BFYZl_UIjY4,A woman performance AGT 31 americagottalent magic shorts ai,UgzYmrilAm9FdA705vZ4AaABAg,Wow
#AIVideo,BFYZl_UIjY4,A woman performance AGT 31 americagottalent magic shorts ai,Ugy4xcDcRlYlyj21NJt4AaABAg,Very nice video
#AIVideo,BFYZl_UIjY4,A woman performance AGT 31 americagottalent magic shorts ai,UgxOjnEUNUQZi5bvcId4AaABAg,Defence. Fake
#AIVideo,vSNnMtVYmQY,Top 10 AI Tạo Video Cực Đỉnh amp Miễn Phí Text to video amp Image to video,UgxlVB1LITRfwBHNYjp4AaABAg,"Từng AI này mình đã làm video hướng dẫn trên kênh của mình rồi. Để tìm lại, bạn gõ tìm kiếm trên YTB quotphan đông giang tên AIquot là sẽ ra video hướng dẫn đó.Còn đây là list tổng hợp"
#AIVideo,vSNnMtVYmQY,Top 10 AI Tạo Video Cực Đỉnh amp Miễn Phí Text to video amp Image to video,UgxOTaSKAC25HFe-Ttl4AaABAg,Cảm ơn anh.
#AIVideo,vSNnMtVYmQY,Top 10 AI Tạo Video Cực Đỉnh amp Miễn Phí Text to video amp Image to video,Ugwo9A6O6kawFsFrvPJ4AaABAg,Rất nể những gì bạn đang làm cho cộng đồng!
#AIVideo,vSNnMtVYmQY,Top 10 AI Tạo Video Cực Đỉnh amp Miễn Phí Text to video amp Image to video,UgxjadkEbEtJ9LzKS4N4AaABAg,ai quá hữu ích cảm ơn bạn đã chia sẻ kiến thức
#AIVideo,vSNnMtVYmQY,Top 10 AI Tạo Video Cực Đỉnh amp Miễn Phí Text to video amp Image to video,UgypVzSmIJt2fQNziwR4AaABAg,đúng đang cần
#AIVideo,anmuklFtu8U,Watch OpenAI Tool Creates Realistic AI Videos WSJ News,Ugw6aVfKq2yhnMYkN3d4AaABAg,"AI, create a new John Wayne movie for me. Make it a western."
#AIVideo,anmuklFtu8U,Watch OpenAI Tool Creates Realistic AI Videos WSJ News,UgwuE90eHupyveYxtm94AaABAg,That California gold rush AI footage is mind-blowing.
#AIVideo,anmuklFtu8U,Watch OpenAI Tool Creates Realistic AI Videos WSJ News,Ugxa3WFHsDxMjMoaSWN4AaABAg,"Yeah, not good"
#AIVideo,anmuklFtu8U,Watch OpenAI Tool Creates Realistic AI Videos WSJ News,UgzTPIjRy_T9fS3Rqr94AaABAg,"Now we can make Mr beast and Elon musk kiss! Thank you, open ai!"
#AIVideo,anmuklFtu8U,Watch OpenAI Tool Creates Realistic AI Videos WSJ News,UgzTHRcGaN4hrzUGhsR4AaABAg,051 quotHoney! The chair is floating again!quot
#AIVideo,6qJ-3LFD7qA,Sora Video AI is CRAZY,Ugz9AdMfx7bdKBQqvbp4AaABAg,shark says hishark also says like and subscribe
#AIVideo,6qJ-3LFD7qA,Sora Video AI is CRAZY,Ugw_9ljJ_ktgL_3mKrF4AaABAg,And the guy holding the book with his right hand whilst his right hand also dangles down.. the womans hair is blowing backwards in the wind and her foot is backwards
#AIVideo,6qJ-3LFD7qA,Sora Video AI is CRAZY,UgwcMSBUgOZkkwL4Inx4AaABAg,He39s happy to finally see food
#AIVideo,6qJ-3LFD7qA,Sora Video AI is CRAZY,UgwBpe0mk7kgOULw9Rh4AaABAg,The towel foot is crazy
#AIVideo,6qJ-3LFD7qA,Sora Video AI is CRAZY,Ugz0yPNmvljeeKhQ2zt4AaABAg,lol its only a matter of time right now its glitchy
#AIVideo,Qp2T2O-5fvY,Dandy world luma ai STOP WATCHING THIS VIDEO BRO WHAT IS CONNIE DOING ai dandysworld meme,UgywgJeHrACUc8N3cbN4AaABAg,The song
#AIVideo,Qp2T2O-5fvY,Dandy world luma ai STOP WATCHING THIS VIDEO BRO WHAT IS CONNIE DOING ai dandysworld meme,UgyJMQdAJmhsndTznWJ4AaABAg,quot We are A.I ofcourse we make random mouth movements! quot ahh mouth
#AIVideo,Qp2T2O-5fvY,Dandy world luma ai STOP WATCHING THIS VIDEO BRO WHAT IS CONNIE DOING ai dandysworld meme,UgxipxXZ1zYZe5MB9lt4AaABAg,Yes connie save my life from shelly chasing me
#AIVideo,Qp2T2O-5fvY,Dandy world luma ai STOP WATCHING THIS VIDEO BRO WHAT IS CONNIE DOING ai dandysworld meme,Ugx48JPUlqJtYsQyNhx4AaABAg,Ai
#AIVideo,Qp2T2O-5fvY,Dandy world luma ai STOP WATCHING THIS VIDEO BRO WHAT IS CONNIE DOING ai dandysworld meme,UgwyBfXoWgSsmCjZCVV4AaABAg,WTF
#AIVideo,Yf5lahz_URI,AI GETTING OUT OF HAND image to Ai Video - P76,UgxGejfhMIPtAtae5FJ4AaABAg,even the guy at 020 is traumatised by horrors of ai
#AIVideo,Yf5lahz_URI,AI GETTING OUT OF HAND image to Ai Video - P76,UgwOA7vCZo0Vf-EDCEh4AaABAg,சசயதத வசச மனசஙக வழககல மதத மதத வளயடஙகட நசம பன ரபஸ
#AIVideo,Yf5lahz_URI,AI GETTING OUT OF HAND image to Ai Video - P76,UgwJZGxpI9wk_aUMasB4AaABAg,Hi friend
#AIVideo,Yf5lahz_URI,AI GETTING OUT OF HAND image to Ai Video - P76,UgzypmI3EbAYIhPT2O94AaABAg,"059Lmao, bro took a piss"
#AIVideo,3hyfrilc1PA,जलद स ऐस Ai short वडय बनकर महन क लख रपए कमओ how to make Ai video,UgxnTQTIpyZZeu7COVl4AaABAg,Kaise banaye vo batao bhai please
#AIVideo,3hyfrilc1PA,जलद स ऐस Ai short वडय बनकर महन क लख रपए कमओ how to make Ai video,UgxWlLyc_v0Cz8qcTOZ4AaABAg,Video banana sikhao please
#AIVideo,3hyfrilc1PA,जलद स ऐस Ai short वडय बनकर महन क लख रपए कमओ how to make Ai video,UgyAtEVKKRBSESnJ8Ql4AaABAg,Aisi video creat karna batao please
#AIVideo,3hyfrilc1PA,जलद स ऐस Ai short वडय बनकर महन क लख रपए कमओ how to make Ai video,Ugx2IrfE6gw0Kf8NyM54AaABAg,Bhia video banane ke liye ek video bana do
#AIVideo,3hyfrilc1PA,जलद स ऐस Ai short वडय बनकर महन क लख रपए कमओ how to make Ai video,UgzUYp3VRuCpIqLrmkJ4AaABAg,Aur copy paste movie ko download aur edit ka a full video laaoo original wla jo. apanai fb page par movie ko upload aur edit kartai uska video please
#AIVideo,8tTSVZvXAfE,AI-generated video showcasing how the Ancient Egyptians built the pyramids.,UgxfR28o5IbMCAGdPVx4AaABAg,Ааааооо...
#AIVideo,8tTSVZvXAfE,AI-generated video showcasing how the Ancient Egyptians built the pyramids.,UgwHiud7kKYqHFa7LfN4AaABAg,how can anyone take a person from india speaking english serious?
#AIVideo,8tTSVZvXAfE,AI-generated video showcasing how the Ancient Egyptians built the pyramids.,UgxkZZMPBQ2Kmwtf4Ix4AaABAg,bro AI is Muslim wth in the Muslim said there was a tall peoples in the past
#AIVideo,8tTSVZvXAfE,AI-generated video showcasing how the Ancient Egyptians built the pyramids.,UgzDNGEVM3Qrw67MiDp4AaABAg,It wasn39t a dessert back then.
#AIVideo,8tTSVZvXAfE,AI-generated video showcasing how the Ancient Egyptians built the pyramids.,UgxJAq_laGSA_SIIagN4AaABAg,Лучше бы построили чего-то полезное
#AIGenerator,LC4OMFf94tU,New Best AI Video Generator Text to Video AI and Image to Video Generator,Ugyi9NEBQ0JP40zmrEh4AaABAg,I can make better than you
#AIGenerator,LC4OMFf94tU,New Best AI Video Generator Text to Video AI and Image to Video Generator,UgxzRl0GSq1FmlhQdct4AaABAg,I can make better than you
#AIGenerator,LC4OMFf94tU,New Best AI Video Generator Text to Video AI and Image to Video Generator,UgybGSWKYu1d2Vn6_0Z4AaABAg,I can make better than you
#AIGenerator,LC4OMFf94tU,New Best AI Video Generator Text to Video AI and Image to Video Generator,Ugw68ZmOQNe7RxFthA54AaABAg,can make better than you
#AIGenerator,LC4OMFf94tU,New Best AI Video Generator Text to Video AI and Image to Video Generator,UgwSBBOh6T7GkNdjTLN4AaABAg,I can make better than you
#AIGenerator,JT-AE5T0GdA,Google Veo 2 CRUSHES Every AI Video Generator Including Sora!,UgyoWdzq5ceyD_exgIt4AaABAg,candidatepicker AI fixes this. Google Veo 2 surpasses competitors.
#AIGenerator,JT-AE5T0GdA,Google Veo 2 CRUSHES Every AI Video Generator Including Sora!,UgyzAzrmaxNSHAIfhrV4AaABAg,Sora waste time for 1 year in advertising and Google improve its video quality from veo to veo 2
#AIGenerator,JT-AE5T0GdA,Google Veo 2 CRUSHES Every AI Video Generator Including Sora!,UgzO1NHVnxxTcvh72514AaABAg,"Please, mercy, Julia, my brain tried to erupt every day!"
#AIGenerator,JT-AE5T0GdA,Google Veo 2 CRUSHES Every AI Video Generator Including Sora!,UgyNvCMmyRs_y2sdV_p4AaABAg,This womans head gesticulations are horrific.....she seems like a crazy person.
#AIGenerator,JT-AE5T0GdA,Google Veo 2 CRUSHES Every AI Video Generator Including Sora!,Ugz2f66yKbsxLsNGxO94AaABAg,It39s depressing how enthusiastic this dim-witted woman is for A.I.....SHE obviously isn39t a naturally creative person....therefore she only sees the business options......everything about this womans personality is depressing.....
#AIGenerator,_Iz95iQjiE8,AI Video Generator FREE Canva Text To Video AI Tutorial,UgxuRRzvsSzzEo6yUTJ4AaABAg,FREE Canva Pro 30 Days Trial
#AIGenerator,_Iz95iQjiE8,AI Video Generator FREE Canva Text To Video AI Tutorial,UgwabeZ_h6K8lCK7wpB4AaABAg,I don39t find Magic Media
#AIGenerator,_Iz95iQjiE8,AI Video Generator FREE Canva Text To Video AI Tutorial,UgyEfoA4WQVVIWtt0ud4AaABAg,Thanks
#AIGenerator,_Iz95iQjiE8,AI Video Generator FREE Canva Text To Video AI Tutorial,UgwCL88pa9hfMKAhKZF4AaABAg,starting music?please thanks
#AIGenerator,_Iz95iQjiE8,AI Video Generator FREE Canva Text To Video AI Tutorial,Ugx-2cD_9CM5DhBopL94AaABAg,Paid version canva explained
#AIGenerator,8_gBz48skzI,"Best FREE AI Video Generator For Text To Video, Image To Video, and Video Enhance",UgzU8Mr8blxd5Zf5J4x4AaABAg,Not free anymore
#AIGenerator,8_gBz48skzI,"Best FREE AI Video Generator For Text To Video, Image To Video, and Video Enhance",UgyuvvvLQGKLnZHbvd14AaABAg,The video is clear and crispy you have to love AI. We39re all doomed!!!
#AIGenerator,8_gBz48skzI,"Best FREE AI Video Generator For Text To Video, Image To Video, and Video Enhance",UgzZueoM5YFYrJGGyKB4AaABAg,Bad AI service
#AIGenerator,8_gBz48skzI,"Best FREE AI Video Generator For Text To Video, Image To Video, and Video Enhance",UgxFpw_rR6SOa-aTERh4AaABAg,Not at all free.
#AIGenerator,uDnQJvxGOBs,World39s FIRST On Device AI Image Generator!,UgxZtWyiqAyD2E6jqFt4AaABAg,"As an artist, I need this."
#AIGenerator,uDnQJvxGOBs,World39s FIRST On Device AI Image Generator!,UgxlOGur4m2ebIiR00V4AaABAg,Hey whats ur opinion on James Bond?
#AIGenerator,uDnQJvxGOBs,World39s FIRST On Device AI Image Generator!,UgxAkEU-nnYcWNqi3-B4AaABAg,"Such a cool demo from Qualcomm! There are a ton of benefits of on device AI - reliability, privacy, latency, and cost!"
#AIGenerator,zF6jzLqSrTk,Best Free AI Video Generator 2025 Create Viral Movie Trailers with AI,UgzwoCfOdzWVaKO5yxN4AaABAg,Part 2 horror movie trailer please dadaji
#AIGenerator,zF6jzLqSrTk,Best Free AI Video Generator 2025 Create Viral Movie Trailers with AI,UgyvIOsXA0yUqVjcG7V4AaABAg,Thanks 51 subscribers
#AIGenerator,zF6jzLqSrTk,Best Free AI Video Generator 2025 Create Viral Movie Trailers with AI,UgyMZOV3oPCkCgjAF5x4AaABAg,Part 2 chahiye Ghantee - The divine bell englishGhantee - the divine bell hindiDadaji ye do chanel bohot acha he trailer video bnate hai hame bhi aisa video banana hai please isko pura expose kardo a to z sara kaise video bnata hai uske upar video laye
#AIGenerator,zF6jzLqSrTk,Best Free AI Video Generator 2025 Create Viral Movie Trailers with AI,UgxDKe-t3M1nwOP1PqJ4AaABAg,AI Dadaji ki voice
#AIGenerator,zF6jzLqSrTk,Best Free AI Video Generator 2025 Create Viral Movie Trailers with AI,UgwwJsbS5bUutE9Cz5x4AaABAg,Or han sir plz Ronaldo ya massi asa koye Vedo BNA de
#AIGenerator,3IHfzcLblPE,Free AI Image generator shorts ai,Ugyc9JEoGnBjCm6-e1J4AaABAg,This website is paid now.Check out this video for free ai image generator
#AIGenerator,3IHfzcLblPE,Free AI Image generator shorts ai,UgyY0qU3haMMxaOnBGl4AaABAg,Paid hai
#AIGenerator,3IHfzcLblPE,Free AI Image generator shorts ai,Ugx13fYDnZiXAxQsclh4AaABAg,Salla fake video banate hai
#AIGenerator,3IHfzcLblPE,Free AI Image generator shorts ai,UgxnBoH5EyKlskvoEVV4AaABAg,Free wala nahin batana aata hai to kyon batate Ho
#AIGenerator,3IHfzcLblPE,Free AI Image generator shorts ai,UgwuPQKGbFzVB8PVfO54AaABAg,Ideogram is so much better
#AIGenerator,ZijMpokIQOA,Create AI Influencer With Unlimited Consistent Characters Free AI Image Generator Image to Video,Ugzl0PJrT1n27P4teDB4AaABAg,I39m subscribed to Dzine and I love it. It39s my favorite AI video generator and image editor.
#AIGenerator,ZijMpokIQOA,Create AI Influencer With Unlimited Consistent Characters Free AI Image Generator Image to Video,UgyWv5gQ43Tc1dyIa-t4AaABAg,I love how straightforward the interface seems. Definitely trying this out soon!
#AIGenerator,ZijMpokIQOA,Create AI Influencer With Unlimited Consistent Characters Free AI Image Generator Image to Video,Ugx-EFkwU3cTTIoQH754AaABAg,Does Dzine have community features where users can share and explore each others creations?
#AIGenerator,ZijMpokIQOA,Create AI Influencer With Unlimited Consistent Characters Free AI Image Generator Image to Video,UgwIafYJ1kXNSoAvpGp4AaABAg,awesome
#AIGenerator,ZijMpokIQOA,Create AI Influencer With Unlimited Consistent Characters Free AI Image Generator Image to Video,Ugy-ghpTiQ5IDobAOzJ4AaABAg,"What about full body images with consistent face? It39s more complex task for ai, but it39s what she-influencer audience always requesting"
#AIGenerator,WR295PDdkjs,InVideo AI v3.0 Best AI Video Generator of 2025,Ugz8fw67ayL36cfNq_N4AaABAg,"Great content, as always! I need some advice My OKX wallet holds some USDT, and I have the seed phrase. alarm fetch churn bridge exercise tape speak race clerk couch crater letter. What39s the best way to send them to Binance?"
#AIGenerator,fbT8GHkrkic,2 Best Free AI Image Generator Tools aitools ai stabledoodle imgcreator,UgywIknAXg2V_GAeqtx4AaABAg,I made this video 7 months ago! And during that time ye tools free the! Ab paid hogaye hai!
#AIGenerator,fbT8GHkrkic,2 Best Free AI Image Generator Tools aitools ai stabledoodle imgcreator,UgxAShOZpnau-gdTLlt4AaABAg,Free nhi hota bht videos dekhe Hy lkn free me nHi hoty
#AIGenerator,fbT8GHkrkic,2 Best Free AI Image Generator Tools aitools ai stabledoodle imgcreator,UgxBrAsTLbUQTgnIrxJ4AaABAg,If you want real 100 unlimited free. Try1. Microsoft designer slower when credit 02. Perchance image generator highly customised
#AIGenerator,fbT8GHkrkic,2 Best Free AI Image Generator Tools aitools ai stabledoodle imgcreator,UgwHQLKQFo6SopQOIph4AaABAg,Thenks mere bhai meri jan
#AIGenerator,fbT8GHkrkic,2 Best Free AI Image Generator Tools aitools ai stabledoodle imgcreator,Ugy8x13OirstIXLtmxZ4AaABAg,imgcreatot
